Workbook

Sheet Cover
B2: TEST REPORT DOCUMENT
A4: Project Name | B4: BoneVisQA | E4: Creator | F4: Nguyen Nhat Nam
A5: Project Code | B5: SP26SE110 | E5: Issue Date | F5: 46126
A6: Document Code | B6: =B5&"_"&"XXX"&"_"&"vx.x" -> SP26SE110_XXX_vx.x | E6: Version | F6: 1
A9: Record of change
A10: Effective Date | B10: Version | C10: Change Item | D10: *A,D,M | E10: Change description | F10: Reference
A11: <Date when these changes are effective> | F11: <List of documents which are refered in this version.>

Sheet Test Cases
D1: TEST CASE LIST
B3: Project Name | D3: BoneVisQA - Interactive Visual Question Answering System for Bone Diseases to Support Medical Students in Diagnostic Practice
B4: Project Code | D4: SP25SE110
B5: Test Environment Setup Description | D5: 1. Server 2. Database 3. Web Browser
B8: No | C8: Function Name | D8: Sheet Name | E8: Description | F8: Pre-Condition
B9: 1 | C9: Admin_Get_Users_List | D9: Admin | E9: Get list of all users with pagination | F9: Admin account is logged in with valid credentials
B10: 2 | C10: Admin_Toggle_User_Status | D10: Admin | E10: Change state (Active/Inactive) of a user | F10: Admin account is logged in, UserID exists
B11: 3 | C11: Admin_Assign_User_Role | D11: Admin | E11: Assign Role to any user | F11: Admin account is logged in, UserID exists
B12: 4 | C12: Admin_Approve_Verification | D12: Admin | E12: Approve verification profile of medical student | F12: User has pending verification profile, Admin is logged in
B13: 5 | C13: Admin_Upload_RAG_Document | D13: Admin | E13: Upload PDF file as RAG system document | F13: Valid PDF file (under 10MB), Admin logs in
B14: 6 | C14: Admin_View_System_Monitoring | D14: Admin | E14: View system statistics (activity, Review, RAG) | F14: Admin account is logged in
B15: 7 | C15: Admin_Create_New_Class | D15: Admin | E15: Create a new Class in the system | F15: Admin account is logged in
B16: 8 | C16: Admin_Assign_Class_Role | D16: Admin | E16: Assign Lecturer, Expert, Student to a class | F16: The class exists, lecturer/course/student IDs are correct
B17: 9 | C17: Expert_Create_Medical_Case | D17: Expert | E17: Create a new medical case with images | F17: Expert account is logged in with valid credentials
B18: 10 | C18: Expert_Update_Medical_Case | D18: Expert | E18: Edit text information of a created medical case | F18: The medical case is under the management of the Expert
B19: 11 | C19: Expert_Add_Image_Annotation | D19: Expert | E19: Add annotation to medical case image | F19: The medical case and its corresponding Medical_Image ID must be available
B20: 12 | C20: Expert_Create_New_Quiz | D20: Expert | E20: Create a new specialized Quiz | F20: Expert account is logged in with valid credentials
... B42: 36 | C42: Student_Ask_AI_MedicalCase | D42: Student | E42: Q&A with AI about medical cases for medical study | F42: The question is within the medical field

Sheet Test Statistics
B1: TEST STATISTICS
B3: Project Name | C3: BoneVisQA | E3: Creator | H3: Nguyen Nhat Nam
B4: Project Code | C4: SP26SE110 | E4: Reviewer/Approver | H4: All team members
B5: Document Code | C5: SP26SE110_Test Report_vx.x | E5: Issue Date | H5: April 14th, 2026
B6: Notes
B10: No | C10: Module code | D10: Passed | E10: Failed | F10: Pending | G10: N/A | H10: Number of test cases
B11: 1 | C11: Authentication & Verification | D11: 6 | E11: =Admin!C6 -> 0 | F11: 0 | G11: =Admin!E6 -> 0 | H11: 6
B12: 2 | C12: Admin User Management | D12: 8 | E12: =Admin!C7 -> 0 | F12: 0 | G12: =Admin!E7 -> 0 | H12: 8
B13: 3 | C13: Admin Document & RAG | D13: 4 | E13: =Admin!C8 -> 0 | F13: 0 | G13: =Admin!E8 -> 0 | H13: 4
B14: 4 | C14: Expert Case ManagementSub total | D14: 10 | E14: =Admin!C9 -> 0 | F14: 0 | G14: =Admin!E9 -> 0 | H14: 10
B15: 5 | C15: Expert Quiz Management | D15: 5 | E15: 0 | F15: 0 | G15: 0 | H15: 5
B16: 6 | C16: Lecturer Class Management | D16: 6 | E16: =Admin!C11 -> 0 | F16: 0 | G16: =Admin!E11 -> 0 | H16: 6
B17: 7 | C17: Lecturer Triage & Review | D17: 5 | E17: 0 | F17: 0 | G17: 0 | H17: 5
B18: 8 | C18: Student Case Catalog | D18: 4 | E18: 0 | F18: 0 | G18: 0 | H18: 4
B19: 9 | C19: Student Quiz Execution | D19: 6 | E19: 0 | F19: 0 | G19: 0 | H19: 6
B20: 10 | C20: Q&A AI Medical Case | D20: 3 | E20: 0 | F20: 0 | G20: 0 | H20: 3
B21: 11 | C21: Analytics & Monitoring Dashboard | D21: 4 | E21: 0 | F21: 0 | G21: 0 | H21: 4
C22: Sub total | D22: =SUM(D11:D21) -> 61 | E22: =SUM(E11:E21) -> 0 | F22: =SUM(F11:F21) -> 0 | G22: =SUM(G11:G21) -> 0 | H22: =SUM(H11:H21) -> 61
D24: Test coverage | F24: =(D22+E22)*100/(H22-G22) -> 100 | G24: %
D25: Test successful coverage | F25: =D22*100/(H22-G22) -> 100 | G25: %

Sheet Admin
A2: Feature | B2: Admin's Function in the system | R2: Passed
A3: Test requirement | B3: Ensure that all roles can log in successfully, medical students can submit identity verification requests, administrators can lock/unlock accounts and assign user roles, and the system supports secure PDF uploads with stable document indexing functionality. | R3: Failed
A4: Number of TCs | B4: 18 | R4: Pending
A5: Testing Round | B5: Passed | C5: Failed | D5: Pending | E5: N/A | R5: N/A
A6: Round 1 | B6: =COUNTIF($F$11:$F$42,B$5) -> 18 | C6: =COUNTIF($F$11:$F$42,C$5) -> 0 | D6: =COUNTIF($F$11:$F$42,D$5) -> 0 | E6: =COUNTIF($F$11:$F$42,E$5) -> 0
A7: Round 2 | B7: =COUNTIF($F$11:$F$42,B$5) -> 18 | C7: =COUNTIF($F$11:$F$42,C$5) -> 0 | D7: =COUNTIF($F$11:$F$42,D$5) -> 0 | E7: =COUNTIF($F$11:$F$42,E$5) -> 0
A8: Round 3 | B8: =COUNTIF($F$11:$F$42,B$5) -> 18 | C8: =COUNTIF($F$11:$F$42,C$5) -> 0 | D8: =COUNTIF($F$11:$F$42,D$5) -> 0 | E8: =COUNTIF($F$11:$F$42,E$5) -> 0
A10: Test Case ID | B10: Test Case Description | C10: Test Case Procedure | D10: Expected Results | E10: Pre-conditions | F10: Round 1 | G10: Test date | H10: Tester | I10: Round 2 | J10: Test date | K10: Tester | L10: Round 3 | M10: Test date | N10: Tester | O10: Note
A11: Authentication & Verification
A12: TC01-AUTH | B12: Successfully logged in with valid account | C12: 1. Access the Login screen. 2. Enter valid Email and Password. 3. Click the "Login" button. | D12: 1. Successfully logged in without errors. 2. Correctly redirected to the homepage of the corresponding Role. 3. JWT Token is securely stored. | E12: 1. Currently on the Login page. 2. User has an Active account. | F12: Passed | G12: 14/04/2026 | H12: Thinh | I12: Passed | J12: 15/04/2026 | K12: Tien | L12: Passed
A13: TC01-AUTH-U1 | B13: Log in with incorrect password (Unhappy) | C13: 1. Access the Login screen. 2. Enter valid Email but incorrect Password. 3. Click the "Login" button. | D13: 1. Access denied. 2. System displays error message: "Invalid email or password". 3. Remains on the Login page. | E13: 1. Currently on the Login page. 2. Account exists in the system. | F13: Passed | G13: 14/04/2026 | H13: Thinh | I13: Passed | J13: 15/04/2026 | K13: Tien | L13: Passed
A14: TC01-AUTH-U2 | B14: Log in with inactive/locked account (Unhappy) | C14: 1. Access the Login screen. 2. Enter email and password of a locked/inactive account. 3. Click the "Login" button. | D14: 1. Access denied. 2. System displays error: "Your account has been locked. Please contact administrator". | E14: 1. Currently on the Login page. 2. Account status is set to Inactive. | F14: Passed | G14: 14/04/2026 | H14: Thinh | I14: Passed | J14: 15/04/2026 | K14: Tien | L14: Passed
A15: TC02-AUTH | B15: Student submits medical verification request | C15: 1. Log in with a Student account. 2. Go to Profile -> Verification. 3. Upload student ID card and enter information. 4. Click "Submit". | D15: 1. File uploaded successfully. 2. Verification status changes to "Pending". 3. Success message is displayed. | E15: 1. Logged in as Student. 2. The account is not verified yet. | F15: Passed | G15: 14/04/2026 | H15: Thinh | I15: Passed | J15: 15/04/2026 | K15: Tien | L15: Passed
A16: TC02-AUTH-U1 | B16: Submit student verification with invalid file format (Unhappy) | C16: 1. Log in as Student. 2. Go to Profile -> Verification. 3. Upload a file with .zip or .exe extension. 4. Observe system behavior. | D16: 1. FE blocks the file upload. 2. Validation error displayed: "Only image files (JPG, PNG) or PDF are allowed". 3. Submit button is disabled. | E16: 1. Logged in as Student. 2. Account is not verified. | F16: Passed | G16: 14/04/2026 | H16: Thinh | I16: Passed | J16: 15/04/2026 | K16: Tien | L16: Passed
A17: TC02-AUTH-U2 | B17: Submit student verification with missing required fields (Unhappy) | C17: 1. Log in as Student. 2. Go to Profile -> Verification. 3. Upload a valid SV card image but leave Student ID number and School Name blank. 4. Click "Submit". | D17: 1. Validation error is triggered on required fields. 2. Highlights missing fields in red. 3. Form is not submitted to server. | E17: 1. Logged in as Student. 2. Account is not verified. | F17: Passed | G17: 14/04/2026 | H17: Thinh | I17: Passed | J17: 15/04/2026 | K17: Tien | L17: Passed
A18: Admin User Management
A19: TC07-ADM | B19: Get list of all users with pagination (Happy) | C19: 1. Go to Admin User Management. 2. Verify the list displays users. 3. Click "Page 2" on pagination bar. | D19: 1. User list loaded successfully. 2. Displays exactly 10 users per page. 3. Page 2 loads the next set of users correctly. | E19: 1. Log in as Admin. 2. More than 10 users exist in the system. | F19: Passed | G19: 14/04/2026 | H19: Thinh | I19: Passed | J19: 15/04/2026 | K19: Tien | L19: Passed
A20: TC03-ADM | B20: Change state to Inactive (Lock) | C20: 1. Access Admin User Management. 2. Select an Active user. 3. Click "Deactivate" and confirm. | D20: 1. User status changes to Inactive. 2. Success popup is displayed. 3. User is kicked out (token revoked) if online. | E20: 1. Log in as Admin. 2. There exists an Active user. | F20: Passed | G20: 14/04/2026 | H20: Thinh | I20: Passed | J20: 15/04/2026 | K20: Tien | L20: Passed
A21: TC03-ADM-U1 | B21: Deactivate an already inactive user (Unhappy) | C21: 1. Access Admin User Management. 2. Filter by Inactive status. 3. Select an inactive user. 4. Observe if "Deactivate" action is disabled. | D21: 1. The "Deactivate" button is disabled or grayed out for already inactive users. | E21: 1. Log in as Admin. 2. There exists an Inactive user. | F21: Passed | G21: 14/04/2026 | H21: Thinh | I21: Passed | J21: 15/04/2026 | K21: Tien | L21: Passed
A22: TC04-ADM | B22: Assign Lecturer Role to a User | C22: 1. Access Admin User Management. 2. Select a regular user. 3. Click Assign Role -> Select "Lecturer". 4. Confirm. | D22: 1. User's role is updated to Lecturer. 2. The Role column on the grid changes accordingly. | E22: 1. Log in as Admin. 2. There exists a user without a module Role. | F22: Passed | G22: 14/04/2026 | H22: Thinh | I22: Passed | J22: 15/04/2026 | K22: Tien | L22: Passed
A23: TC04-ADM-U1 | B23: Assign conflicting or system-restricted roles (Unhappy) | C23: 1. Access Admin User Management. 2. Select the only remaining Admin account. 3. Try to change its role to Student or Deactivate it. 4. Confirm. | D23: 1. System blocks the action. 2. Displays error: "Cannot deactivate or demote the last Administrator account". | E23: 1. Log in as Admin. 2. Only one active Administrator account exists in the system. | F23: Passed | G23: 14/04/2026 | H23: Thinh | I23: Passed | J23: 15/04/2026 | K23: Tien | L23: Passed
A24: TC08-ADM | B24: Approve verification profile of medical student (Happy) | C24: 1. Go to Profile Verification list. 2. Click "View details" of a student in Pending status. 3. Click "Approve" and confirm. | D24: 1. Student's status changes from "Pending" to "Verified". 2. Status on roster updates. 3. Student receives email/notification of successful verification. | E24: 1. Log in as Admin. 2. There exists a student with a pending verification request. | F24: Passed | G24: 14/04/2026 | H24: Thinh | I24: Passed | J24: 15/04/2026 | K24: Tien | L24: Passed
A25: TC09-ADM | B25: Create a new Class in the system (Happy) | C25: 1. Go to Class Management. 2. Click "Create Class" button. 3. Enter Class Name, Description, and select Academic Year. 4. Click "Save". | D25: 1. New class is created successfully. 2. Redirects to class list. 3. The new class appears in the class grid. | E25: 1. Log in as Admin. | F25: Passed | G25: 14/04/2026 | H25: Thinh | I25: Passed | J25: 15/04/2026 | K25: Tien | L25: Passed
A26: TC10-ADM | B26: Assign Lecturer, Expert, Student to a class (Happy) | C26: 1. Go to Class details screen. 2. Click "Assign User" button. 3. Select a Lecturer and an Expert to assign. 4. Click "Save". | D26: 1. Users assigned successfully. 2. Displays success message. 3. Roster shows the assigned Lecturer and Expert with correct details. | E26: 1. Log in as Admin. 2. The class and respective users exist in the system. | F26: Passed | G26: 14/04/2026 | H26: Thinh | I26: Passed | J26: 15/04/2026 | K26: Tien | L26: Passed
A27: Admin Document & RAG
A28: TC05-DOC | B28: Upload a valid 10MB PDF file | C28: 1. Go to Admin Document. 2. Bấm Upload file. 3. Chọn file PDF 10MB, nhập Title, Category. 4. Bấm "Upload". | D28: 1. File upload thành công. 2. Trạng thái Ingestion chuyển thành "Processing" sau đó "Completed". | E28: 1. Đăng nhập Role Admin. 2. Có sẵn file PDF 10MB. | F28: Passed | G28: 14/04/2026 | H28: Thinh | I28: Passed | J28: 15/04/2026 | K28: Tien | L28: Passed
A29: TC05-DOC-U1 | B29: Upload PDF file exceeding size limit (Unhappy) | C29: 1. Go to Admin Document. 2. Click Upload file. 3. Select a PDF file larger than 10MB (e.g. 50MB), enter Title, Category. 4. Click "Upload". | D29: 1. FE blocks the file selection or shows validation error immediately. 2. Displays error: "File size exceeds maximum limit of 10MB". 3. Upload is aborted. | E29: 1. Log in as Admin. 2. A 50MB PDF file is available. | F29: Passed | G29: 14/04/2026 | H29: Thinh | I29: Passed | J29: 15/04/2026 | K29: Tien | L29: Passed
A30: TC05-DOC-U2 | B30: Upload a corrupted PDF file (Unhappy) | C30: 1. Go to Admin Document. 2. Click Upload file. 3. Select a corrupted PDF file (0 bytes or damaged header). 4. Click "Upload". | D30: 1. Upload succeeds but ingestion process fails. 2. Document Status changes to "Failed". 3. Displays error description: "Corrupted PDF or unreadable text". | E30: 1. Log in as Admin. 2. A corrupted PDF file is available. | F30: Passed | G30: 14/04/2026 | H30: Thinh | I30: Passed | J30: 15/04/2026 | K30: Tien | L30: Passed
A31: TC06-DOC | B31: Attempt to upload an invalid format file | C31: 1. Vào Admin Document. 2. Bấm Upload file. 3. Chọn file có đuôi .docx hoặc .exe. 4. Quan sát hệ thống. | D31: 1. Hệ thống chặn upload ngay từ FE. 2. Báo lỗi "Only PDF files are allowed". 3. Nút Upload bị disable. | E31: 1. Đăng nhập Role Admin. 2. Có file sai định dạng. | F31: Passed | G31: 14/04/2026 | H31: Thinh | I31: Passed | J31: 15/04/2026 | K31: Tien | L31: Passed

Sheet Expert
A2: Feature | B2: Expert's Function in the system | R2: Passed
A3: Test requirement | B3: Ensure that experts can create medical cases with accurate annotations and generate quiz question sets with configurable assessment settings. | R3: Failed
A4: Number of TCs | B4: 15 | R4: Pending
A5: Testing Round | B5: Passed | C5: Failed | D5: Pending | E5: N/A | R5: N/A
A6: Round 1 | B6: =COUNTIF($F$11:$F$39,B$5) -> 15 | C6: =COUNTIF($F$11:$F$39,C$5) -> 0 | D6: =COUNTIF($F$11:$F$39,D$5) -> 0 | E6: =COUNTIF($F$11:$F$39,E$5) -> 0
A7: Round 2 | B7: =COUNTIF($F$11:$F$39,B$5) -> 15 | C7: =COUNTIF($F$11:$F$39,C$5) -> 0 | D7: =COUNTIF($F$11:$F$39,D$5) -> 0 | E7: =COUNTIF($F$11:$F$39,E$5) -> 0
A8: Round 3 | B8: =COUNTIF($F$11:$F$39,B$5) -> 15 | C8: =COUNTIF($F$11:$F$39,C$5) -> 0 | D8: =COUNTIF($F$11:$F$39,D$5) -> 0 | E8: =COUNTIF($F$11:$F$39,E$5) -> 0
A10: Test Case ID | B10: Test Case Description | C10: Test Case Procedure | D10: Expected Results | E10: Pre-conditions | F10: Round 1 | G10: Test date | H10: Tester | I10: Round 2 | J10: Test date | K10: Tester | L10: Round 3 | M10: Test date | N10: Tester | O10: Note
A11: Expert Case Management
A12: TC12-EXP | B12: Create a new medical case with images (Happy) | C12: 1. Go to Medical Cases Library. 2. Click "Create Case". 3. Enter Title, Description, Difficulty, and select bone category. 4. Click "Save". | D12: 1. Case created successfully with status "Active". 2. Redirects to Case details page. 3. Appears in Case Catalog. | E12: 1. Log in as Expert. | F12: Passed | G12: 15/04/2026 | H12: Thinh | I12: Passed | J12: 15/04/2026 | K12: Tien | L12: Passed
A13: TC07-EXP-U1 | B13: Create a new medical case with missing required text fields (Unhappy) | C13: 1. Go to Medical Cases Library. 2. Click "Create Case". 3. Leave Case Title and Diagnosis empty. 4. Click "Save". | D13: 1. Form validation error occurs. 2. Highlights missing fields. 3. Case is not saved. | E13: 1. Log in as Expert. | F13: Passed | G13: 15/04/2026 | H13: Thinh | I13: Passed | J13: 15/04/2026 | K13: Tien | L13: Passed
A14: TC08-EXP | B14: Add image to medical case | C14: 1. Nhấn vào Hình ảnh trong Case. 2. Chọn add image. 3. Upload ảnh lên ca bệnh và chọn loại ảnh vừa up lên. 4. Lưu ảnh | D14: 1. Vùng ảnh được upload thành công. 2. Hiển thị danh sách ảnh mới phía dưới ca bệnh 3. Sinh viên xem được ảnh này . | E14: 1. Đăng nhập Role Expert. 2. Đang ở màn hình chi tiết một Case tồn tại. | F14: Passed | G14: 15/04/2027 | H14: Thinh | I14: Passed | J14: 15/04/2027 | K14: Tien | L14: Passed
A15: TC08-EXP-U1 | B15: Upload invalid file format as case image (Unhappy) | C15: 1. Open Case details. 2. Click "Add Image". 3. Upload a file with .xlsx or .txt extension. 4. Observe system behavior. | D15: 1. FE blocks the file selection. 2. Error message displayed: "Only image files (JPG, PNG, DICOM) are allowed". 3. File is not uploaded. | E15: 1. Log in as Expert. 2. On case details page. | F15: Passed | G15: 15/04/2026 | H15: Thinh | I15: Passed | J15: 15/04/2026 | K15: Tien | L15: Passed
A16: TC09-EXP | B16: Add drawing Annotation to image | C16: 1. Nhấn vào Hình ảnh trong Case. 2. Chọn công cụ "Draw" (Vẽ). 3. Chọn vùng tổn thương trên ảnh và nhập Text. 4. Lưu Annotation. | D16: 1. Vùng vẽ và text được lưu thành công. 2. Hiển thị danh sách Annotation mới phía dưới ảnh. 3. Sinh viên xem được Annotation này . | E16: 1. Đăng nhập Role Expert. 2. Đang ở màn hình chi tiết một Case có ảnh. | F16: Passed | G16: 15/04/2028 | H16: Thinh | I16: Passed | J16: 15/04/2026 | K16: Tien | L16: Passed
A17: TC09-EXP-U1 | B17: Save image annotation with negative or invalid coordinates (Unhappy) | C17: 1. Open Draw Annotation tool. 2. Attempt to select a region outside the image canvas boundary. 3. Click "Save". | D17: 1. System restricts drawing outside bounds, or displays error: "Annotation coordinates must be within image bounds". 2. Annotation not saved. | E17: 1. Log in as Expert. 2. On details of a case with images. | F17: Passed | G17: 15/04/2026 | H17: Thinh | I17: Passed | J17: 15/04/2026 | K17: Tien | L17: Passed
A18: TC07-EXP | B18: Successfully logged in with valid account | C18: 1. Truy cập màn hình Login. 2. Nhập Email và Password hợp lệ. 3. Click nút "Login". | D18: 1. Đăng nhập thành công không lỗi. 2. Điều đúng tới trang chủ của Role tương ứng. 3. JWT Token được lưu an toàn. | E18: 1. Đang ở trang Login. 2. Người dùng có tài khoản đang Active. | F18: Passed | G18: 15/04/2026 | H18: Thinh | I18: Passed | J18: 15/04/2026 | K18: Tien | L18: Passed
A19: Expert Quiz Management
A20: TC10-QUIZ | B20: Initialize specialized Quiz form | C20: 1. Vào Expert Quizzes -> Create Quiz. 2. Nhập Title, Time limit (phút), Passing score (%). 3. Cài đặt Open/Close time (tùy chọn) và Bấm Save. | D20: 1. Quiz được tạo mới với trạng thái "Draft" khi chưa đến open time. 2. Chuyển hướng sang giao diện Editor để thêm câu hỏi | E20: 1. Đăng nhập Role Expert. | F20: Passed | G20: 15/04/2026 | H20: Thinh | I20: Passed | J20: 15/04/2026 | K20: Tien | L20: Passed
A21: TC10-QUIZ-U1 | B21: Create Quiz with negative duration or invalid passing score (Unhappy) | C21: 1. Go to Create Quiz. 2. Enter Duration as -15 or Passing Score as 120. 3. Click "Save". | D21: 1. Form validation error occurs. 2. Displays errors: "Duration must be greater than 0" and "Passing score must be between 0% and 100%". 3. Quiz not created. | E21: 1. Log in as Expert. | F21: Passed | G21: 15/04/2026 | H21: Thinh | I21: Passed | J21: 15/04/2026 | K21: Tien | L21: Passed
A22: TC11-QUIZ | B22: Add multiple-choice question to Quiz | C22: 1. Trong Quiz Edit, bấm "Add Question". 2. Nhập nội dung câu hỏi, đáp án (A, B, C, D) và chọn "Correct Answer". 3. Bấm "Add Question". | D22: 1. Câu hỏi được thêm vào danh sách cấu trúc quiz thành công. 2. Tổng điểm/Số lượng câu hỏi trong header Quiz cập nhật đúng. | E22: 1. Đăng nhập Role Expert. 2. Đang ở trong giao diện Quiz Edit của 1 Quiz | F22: Passed | G22: 15/04/2026 | H22: Thinh | I22: Passed | J22: 15/04/2026 | K22: Tien | L22: Passed
A23: TC11-QUIZ-U1 | B23: Add question to Quiz with no correct answer selected (Unhappy) | C23: 1. In Quiz Editor, click "Add Question". 2. Enter question text and 4 choices but do not mark any as the correct answer. 3. Click "Add Question". | D23: 1. Form validation fails. 2. Displays error: "Please select a correct answer". 3. Question is not added. | E23: 1. Log in as Expert. 2. In Quiz Edit interface. | F23: Passed | G23: 15/04/2026 | H23: Thinh | I23: Passed | J23: 15/04/2026 | K23: Tien | L23: Passed
A24: TC11-QUIZ-U2 | B24: Add duplicate question to the same Quiz (Unhappy) | C24: 1. In Quiz Editor, enter a question text and choices identical to an existing question in that quiz. 2. Click "Add Question". | D24: 1. System rejects the question or displays warning: "Duplicate question detected in this quiz". 2. Question not added. | E24: 1. Log in as Expert. 2. In Quiz Edit interface. | F24: Passed | G24: 15/04/2026 | H24: Thinh | I24: Passed | J24: 15/04/2026 | K24: Tien | L24: Passed
A25: Expert Review & Escalation
A26: TC13-EXP | B26: View Expert overview statistics on Dashboard (Happy) | C26: 1. Log in as Expert. 2. Navigate to Dashboard. 3. Check the displayed statistics: Total Cases, Pending Reviews, Active Quizzes. | D26: 1. Dashboard loads successfully. 2. Metrics match actual database records. 3. Summary charts render correctly without errors. | E26: 1. Log in as Expert. 2. Expert account has activity history. | F26: Passed | G26: 15/04/2026 | H26: Thinh | I26: Passed | J26: 15/04/2026 | K26: Tien | L26: Passed
A27: TC14-EXP | B27: View list of answers escalated by Lecturer (Happy) | C27: 1. Log in as Expert. 2. Go to Escalations list. 3. Verify that student questions escalated by Lecturers are visible. | D27: 1. Escalation list loads successfully. 2. Displays complete info: Student question, Lecturer reason, Case reference, and date. | E27: 1. Log in as Expert. 2. An escalated question exists in the system. | F27: Passed | G27: 15/04/2026 | H27: Thinh | I27: Passed | J27: 15/04/2026 | K27: Tien | L27: Passed
A28: TC15-EXP | B28: Resolve and respond to escalated answers (Happy) | C28: 1. Open a pending escalated question. 2. Enter the expert response in the editor. 3. Click "Resolve". | D28: 1. Response is successfully saved. 2. Question status changes to "Resolved". 3. Notification sent to student and assigned Lecturer. | E28: 1. Log in as Expert. 2. An escalated question is selected. | F28: Passed | G28: 15/04/2026 | H28: Thinh | I28: Passed | J28: 15/04/2026 | K28: Tien | L28: Passed

Sheet Lecturer
A2: Feature | B2: Lecturer's Function in the system | R2: Passed
A3: Test requirement | B3: Ensure that lecturers can view assigned class lists, post announcements for students, respond directly to student inquiries or escalate them to experts, and access dashboards displaying accurate statistics on user performance, scores, and rankings. | R3: Failed
A4: Number of TCs | B4: 15 | R4: Pending
A5: Testing Round | B5: Passed | C5: Failed | D5: Pending | E5: N/A | R5: N/A
A6: Round 1 | B6: =COUNTIF($F$11:$F$39,B$5) -> 15 | C6: =COUNTIF($F$11:$F$39,C$5) -> 0 | D6: =COUNTIF($F$11:$F$39,D$5) -> 0 | E6: =COUNTIF($F$11:$F$39,E$5) -> 0
A7: Round 2 | B7: =COUNTIF($F$11:$F$39,B$5) -> 15 | C7: =COUNTIF($F$11:$F$39,C$5) -> 0 | D7: =COUNTIF($F$11:$F$39,D$5) -> 0 | E7: =COUNTIF($F$11:$F$39,E$5) -> 0
A8: Round 3 | B8: =COUNTIF($F$11:$F$39,B$5) -> 15 | C8: =COUNTIF($F$11:$F$39,C$5) -> 0 | D8: =COUNTIF($F$11:$F$39,D$5) -> 0 | E8: =COUNTIF($F$11:$F$39,E$5) -> 0
A10: Test Case ID | B10: Test Case Description | C10: Test Case Procedure | D10: Expected Results | E10: Pre-conditions | F10: Round 1 | G10: Test date | H10: Tester | I10: Round 2 | J10: Test date | K10: Tester | L10: Round 3 | M10: Test date | N10: Tester | O10: Note
A11: Lecturer Class Management
A12: TC12-LEC | B12: View assigned classes list | C12: 1. Đăng nhập với tài khoản Lecturer. 2. Chuyển đến trang "Class Management". 3. Kiểm tra danh sách hiển thị. | D12: 1. Hiển thị đúng các lớp học mà Admin đã gán cho Lecturer này. 2. Hiển thị đủ thông tin: Tên lớp, sĩ số. | E12: 1. Đăng nhập Role Lecturer. 2. Đã được Admin gán vào ít nhất 1 lớp. | F12: Passed | G12: 16/04/2026 | H12: Thinh | I12: Passed | J12: 16/04/2026 | K12: Tien | L12: Passed
A13: TC18-LEC | B13: View student list in a specific class (Happy) | C13: 1. Open Class Management. 2. Select a specific class. 3. Click on the "Students" tab. | D13: 1. Student roster loads successfully. 2. Displays complete student information: Name, student ID, verification status, and email. | E13: 1. Log in as Lecturer. 2. The class has students enrolled. | F13: Passed | G13: 16/04/2026 | H13: Thinh | I13: Passed | J13: 16/04/2026 | K13: Tien | L13: Passed
A14: TC13-LEC | B14: Post a new announcement for class students | C14: 1. Chọn một lớp học cụ thể. 2. Chọn tab "Announcements" -> "Create". 3. Nhập Tiêu đề và Nội dung. 4. Nhấn "Send". | D14: 1. Thông báo được lưu và hiển thị trong danh sách của lớp. 2. Sinh viên trong lớp sẽ nhận được thông báo này trên bảng tin. | E14: 1. Đăng nhập Role Lecturer. 2. Đang ở trang chi tiết lớp học. | F14: Passed | G14: 16/04/2027 | H14: Thinh | I14: Passed | J14: 16/04/2026 | K14: Tien | L14: Passed
A15: TC13-LEC-U1 | B15: Post an empty announcement (Unhappy) | C15: 1. Select a class. 2. Go to Announcements -> Create. 3. Leave Title and Content blank. 4. Click "Send". | D15: 1. Form validation error occurs. 2. Error message displayed: "Title and Content cannot be empty". 3. Announcement is not sent. | E15: 1. Log in as Lecturer. 2. On class details page. | F15: Passed | G15: 16/04/2026 | H15: Thinh | I15: Passed | J15: 16/04/2026 | K15: Tien | L15: Passed
A16: TC19-LEC | B16: Assign a Quiz to students in a class (Happy) | C16: 1. Go to Class details. 2. Click "Assign Quiz". 3. Select a Quiz from dropdown, set Open Time and Close Time. 4. Click "Assign". | D16: 1. Quiz successfully assigned to class. 2. Status changes to "Assigned". 3. Students in the class receive notifications and can see the quiz in their To Do list. | E16: 1. Log in as Lecturer. 2. Class and Quiz are created. | F16: Passed | G16: 16/04/2026 | H16: Thinh | I16: Passed | J16: 16/04/2026 | K16: Tien | L16: Passed
A17: TC13-LEC-U2 | B17: Assign a Quiz with Close Time before Open Time (Unhappy) | C17: 1. Go to Class details -> Assign Quiz. 2. Select a quiz. 3. Set Open Time to tomorrow and Close Time to yesterday. 4. Click "Assign". | D17: 1. Form validation fails. 2. Error message displayed: "Close Time must be after Open Time". 3. Assignment is blocked. | E17: 1. Log in as Lecturer. 2. Class and Quiz exist. | F17: Passed | G17: 16/04/2026 | H17: Thinh | I17: Passed | J17: 16/04/2026 | K17: Tien | L17: Passed
A18: Lecturer Triage & Review
A19: TC14-LEC | B19: Answer student's question directly | C19: 1. Truy cập Triage / Q&A Dashboard. 2. Mở một câu hỏi của sinh viên (thuộc lớp đang dạy). 3. Nhập câu trả lời vào ô Text box. 4. Nhấn "Reply". | D19: 1. Câu trả lời được lưu lại. 2. Trạng thái câu hỏi đổi thành "Answered" hoặc "Resolved". 3. Sinh viên xem được câu trả lời. | E19: 1. Đăng nhập Role Lecturer. 2. Có câu hỏi chưa được giải quyết. | F19: Passed | G19: 14/04/2026 | H19: Thinh | I19: Passed | J19: 15/04/2026 | K19: Tien | L19: Passed
A20: TC14-LEC-U1 | B20: Reply to an already resolved question (Unhappy) | C20: 1. Go to Triage Dashboard. 2. Open a resolved/closed question. 3. Verify if reply box is disabled. | D20: 1. Reply textbox and "Reply" button are disabled/hidden for resolved questions. 2. Prevents sending further answers. | E20: 1. Log in as Lecturer. 2. A resolved question exists in the triage. | F20: Passed | G20: 16/04/2026 | H20: Thinh | I20: Passed | J20: 16/04/2026 | K20: Tien | L20: Passed
A21: TC15-LEC | B21: Escalate difficult questions to Expert | C21: 1. Truy cập Triage / Q&A Dashboard. 2. Mở một câu hỏi khó của sinh viên. 3. Nhấn nút bóp "Escalate to Expert". 4. Nhập lý do (tùy chọn) và Xác nhận. | D21: 1. Trạng thái câu hỏi đổi thành "Escalated". 2. Câu hỏi biến mất khỏi hàng chờ của Lecturer và chuyển tới Expert Dashboard. | E21: 1. Đăng nhập Role Lecturer. 2. Có sinh viên vừa gửi câu hỏi. | F21: Passed | G21: 16/04/2026 | H21: Thinh | I21: Passed | J21: 16/04/2026 | K21: Tien | L21: Passed
A22: TC15-LEC-U1 | B22: Escalate a question that is already escalated (Unhappy) | C22: 1. Go to Triage Dashboard. 2. Open an escalated question. 3. Observe the "Escalate to Expert" button. | D22: 1. The "Escalate to Expert" button is disabled or hidden for already escalated questions. | E22: 1. Log in as Lecturer. 2. An escalated question exists in the system. | F22: Passed | G22: 16/04/2026 | H22: Thinh | I22: Passed | J22: 16/04/2026 | K22: Tien | L22: Passed
A23: TC20-LEC | B23: View student submissions list (Happy) | C23: 1. Go to Class details. 2. Click "Quiz Submissions" tab. 3. Check the displayed submissions grid. | D23: 1. Submissions list loads successfully. 2. Displays complete info: Student Name, Quiz Name, Attempt date, Duration, and Score. | E23: 1. Log in as Lecturer. 2. A student in the class has submitted a quiz. | F23: Passed | G23: 16/04/2026 | H23: Thinh | I23: Passed | J23: 16/04/2026 | K23: Tien | L23: Passed
A24: Analytics & Monitoring Dashboard
A25: TC16-ANA | B25: View Student Leaderboard | C25: 1. Đăng nhập Lecturer, vào Dashboard. 2. Chọn một Lớp học. 3. Tại phần "Class Leaderboard", kiểm tra dữ liệu hiển thị. | D25: 1. Danh sách sinh viên được xếp hạng từ điểm Cao xuống Thấp. 2. Các điểm số trùng khớp với lịch sử nộp bài Quiz của lớp. | E25: 1. Lớp học đã có dữ liệu sinh viên hoàn thành Quiz. 2. Đăng nhập Lecturer. | F25: Passed | G25: 16/04/2026 | H25: Thinh | I25: Passed | J25: 16/04/2026 | K25: Tien | L25: Passed
A26: TC16-ANA-U1 | B26: View Class Leaderboard when no students have completed any quizzes (Unhappy) | C26: 1. Log in as Lecturer, go to Dashboard. 2. Select a newly created class with no quiz attempts yet. 3. Check "Class Leaderboard" section. | D26: 1. System handles empty state gracefully. 2. Displays "No student submissions yet" or placeholder graphic. 3. Dashboard does not crash. | E26: 1. Log in as Lecturer. 2. Selected class has zero quiz submissions. | F26: Passed | G26: 16/04/2026 | H26: Thinh | I26: Passed | J26: 16/04/2026 | K26: Tien | L26: Passed
A27: TC17-ANA | B27: View student learning progress summary | C27: 1. Đăng nhập Student, qua trang "My Progress". 2. Kiểm tra các số liệu: Topic Stats, Total Attempts, Average Score. | D27: 1. Biểu đồ Topic Stats rải đều theo các chuyên đề sinh viên đã làm đúng/sai. 2. Average Score tính chính xác bình quân điểm các lần thi. | E27: 1. Đăng nhập Role Student. 2. Sinh viên đã thực hiện nhiều bài Quiz có lưu lịch sử. | F27: Passed | G27: 16/04/2026 | H27: Thinh | I27: Passed | J27: 16/04/2026 | K27: Tien | L27: Passed
A28: TC17-ANA-U1 | B28: View progress summary for a student with no activity history (Unhappy) | C28: 1. Log in as a newly created Student account. 2. Navigate to "My Progress" page. 3. Check metrics and charts. | D28: 1. Page loads successfully with all metrics showing 0 or "N/A". 2. Displays message: "No quiz activity recorded yet. Take a quiz to track your progress!". 3. No charts errors occur. | E28: 1. Log in as Student. 2. Student has zero quiz attempt records. | F28: Passed | G28: 16/04/2026 | H28: Thinh | I28: Passed | J28: 16/04/2026 | K28: Tien | L28: Passed

Sheet Student
A2: Feature | B2: Student's Function in the system | R2: Passed
A3: Test requirement | B3: Ensure that students can browse and filter medical case libraries, start quizzes and submit answers for grading, and chat or upload annotated images to ask AI-related questions about medical cases. | R3: Failed
A4: Number of TCs | B4: 13 | R4: Pending
A5: Testing Round | B5: Passed | C5: Failed | D5: Pending | E5: N/A | R5: N/A
A6: Round 1 | B6: =COUNTIF($F$11:$F$37,B$5) -> 13 | C6: =COUNTIF($F$11:$F$37,C$5) -> 0 | D6: =COUNTIF($F$11:$F$37,D$5) -> 0 | E6: =COUNTIF($F$11:$F$37,E$5) -> 0
A7: Round 2 | B7: =COUNTIF($F$11:$F$37,B$5) -> 13 | C7: =COUNTIF($F$11:$F$37,C$5) -> 0 | D7: =COUNTIF($F$11:$F$37,D$5) -> 0 | E7: =COUNTIF($F$11:$F$37,E$5) -> 0
A8: Round 3 | B8: =COUNTIF($F$11:$F$37,B$5) -> 13 | C8: =COUNTIF($F$11:$F$37,C$5) -> 0 | D8: =COUNTIF($F$11:$F$37,D$5) -> 0 | E8: =COUNTIF($F$11:$F$37,E$5) -> 0
A10: Test Case ID | B10: Test Case Description | C10: Test Case Procedure | D10: Expected Results | E10: Pre-conditions | F10: Round 1 | G10: Test date | H10: Tester | I10: Round 2 | J10: Test date | K10: Tester | L10: Round 3 | M10: Test date | N10: Tester | O10: Note
A11: Student Case Catalog
A12: TC18-STU | B12: Filter list of cases by specialty or bone diseases | C12: 1. Truy cập Medical Cases Library. 2. Sử dụng bộ lọc (Filter) "Difficulty". 3. Chọn mức độ "Easy", " Medium", "Hard" và Apply. | D12: 1. Danh sách chỉ hiển thị các ca bệnh . 2. Sinh viên có thể xem các hình ảnh và annotation của ca bênh đó. | E12: 1. Đăng nhập Role Student. 2. Hệ thống có dữ liệu ca bệnh với các độ khó khác nhau. | F12: Passed | G12: 17/04/2026 | H12: Thinh | I12: Passed | J12: 17/04/2026 | K12: Tien | L12: Passed
A13: TC23-STU | B13: View details and images of a medical case (Happy) | C13: 1. Go to Medical Cases Library. 2. Click "View details" of an active case. | D13: 1. Detailed case screen loads successfully. 2. Displays complete text info, multiple bone scans, and annotations. | E13: 1. Logged in as Student. 2. Case exists in system (IsActive=true). | F13: Passed | G13: 17/04/2026 | H13: Thinh | I13: Passed | J13: 17/04/2026 | K13: Tien | L13: Passed
A14: TC18-STU-U1 | B14: Access details of an inactive or non-existent medical case ID (Unhappy) | C14: 1. Student manually edits browser URL to access a non-existent case (e.g. /cases/99999). 2. Observe page output. | D14: 1. System shows a graceful "Case not found" message. 2. Prompts user to return to Medical Cases Library. 3. Application does not crash. | E14: 1. Logged in as Student. | F14: Passed | G14: 17/04/2026 | H14: Thinh | I14: Passed | J14: 17/04/2026 | K14: Tien | L14: Passed
A15: TC18-STU-U2 | B15: Search medical case with extreme characters or injection strings (Unhappy) | C15: 1. Go to Medical Cases Library. 2. In search box, enter SQL strings or special characters like "' OR 1=1 --". 3. Click "Search". | D15: 1. System sanitizes input safely. 2. Search executes without errors. 3. Displays "No cases matching your search" status. | E15: 1. Logged in as Student. | F15: Passed | G15: 17/04/2026 | H15: Thinh | I15: Passed | J15: 17/04/2026 | K15: Tien | L15: Passed
A16: Student Quiz Execution
A17: TC25-STU | B17: View list of assigned quizzes for students (Happy) | C17: 1. Go to My Quizzes page. 2. Verify the quizzes list displays assigned quizzes. | D17: 1. Quizzes list loaded successfully. 2. Displays details: Quiz name, assigned date, time limit, status (To Do / Completed). | E17: 1. Logged in as Student. 2. Student is in a class assigned a Quiz. | F17: Passed | G17: 17/04/2026 | H17: Thinh | I17: Passed | J17: 17/04/2026 | K17: Tien | L17: Passed
A18: TC20-STU | B18: Start taking an assigned Quiz | C18: 1. Truy cập My Assignments / Quizzes. 2. Chọn một Quiz "To Do" (Chưa làm). 3. Bấm nút "Start Quiz". | D18: 1. Vào giao diện làm bài (Quiz Session). 2. Đồng hồ đếm ngược (Timer) bắt đầu chạy. 3. Load danh sách câu hỏi. | E18: 1. Đăng nhập Role Student. 2. Có bài Quiz đang trong thời hạn mở (Open Time). | F18: Passed | G18: 17/04/2026 | H18: Thinh | I18: Passed | J18: 17/04/2026 | K18: Tien | L18: Passed
A19: TC20-STU-U1 | B19: Attempt to start a quiz after its Close Time has passed (Unhappy) | C19: 1. Go to Assignments list. 2. Select a quiz whose Close Time has passed. 3. Try to click "Start Quiz". | D19: 1. The "Start Quiz" button is disabled or greyed out. 2. Status is shown as "Closed". 3. Attempt cannot be created. | E19: 1. Logged in as Student. 2. Quiz Close Time has expired. | F19: Passed | G19: 17/04/2026 | H19: Thinh | I19: Passed | J19: 17/04/2026 | K19: Tien | L19: Passed
A20: TC20-STU-U2 | B20: Start quiz when another attempt session is already in progress (Unhappy) | C20: 1. Start Quiz in Browser Tab A. 2. Open Browser Tab B, navigate to Assignments and click "Start Quiz" on the same quiz again. | D20: 1. System blocks secondary attempt. 2. Displays warning: "You have an active quiz session in progress. Please complete it first." 3. Redirects to Tab A active session. | E20: 1. Logged in as Student. 2. A quiz session is currently running. | F20: Passed | G20: 17/04/2026 | H20: Thinh | I20: Passed | J20: 17/04/2026 | K20: Tien | L20: Passed
A21: TC21-STU | B21: Submit the entire Quiz when finished | C21: 1. Trong lúc làm Quiz, tick chọn đáp án cho câu hỏi cuối cùng. 2. Bấm nút "Submit Quiz". 3. Bấm xác nhận ở Popup. | D21: 1. Session làm bài đóng lại, Timer dừng. 2. Hệ thống chấm điểm tự động. 3. Hiển thị Trang kết quả (Điểm, Pass/Fail). | E21: 1. Đăng nhập Role Student. 2. Đang ở trong giao diện làm bài (Quiz Session) đang mở. | F21: Passed | G21: 17/04/2026 | H21: Thinh | I21: Passed | J21: 17/04/2026 | K21: Tien | L21: Passed
A22: TC21-STU-U1 | B22: Submit answer after the quiz timer reaches 0 (Unhappy) | C22: 1. In Quiz Session, let the countdown timer reach 00:00. 2. Observe system behavior. | D22: 1. System automatically disables further answer inputs. 2. Auto-submits current answers to server immediately. 3. Redirects user to Result screen. | E22: 1. Logged in as Student. 2. Active Quiz Session is in progress. | F22: Passed | G22: 17/04/2026 | H22: Thinh | I22: Passed | J22: 17/04/2026 | K22: Tien | L22: Passed
A23: Q&A AI Medical Case
A24: TC22-STU | B24: Student asks AI about medical case | C24: 1.Vô mục chat box AI 2. Nhập câu hỏi về ca bệnh). 3. Có thể chọn upload hình ảnh ca bệnh và khoanh vùng nghi vấn để hỏi AI. 4. Nhấn gửi và xem phản hồi. | D24: 1. AI trả về chính xác câu hỏi của sinh viên. 2 .Câu trả được đưa ra được phân tích trích dẫn thông qua tài liệu chuyên khoa. 3. Nếu câu hỏi không đúng về y khoa, từ chối trả lời. | E24: 1. Đăng nhập Role Student bấm mục chat box AI | F24: Passed | G24: 17/04/2026 | H24: Thinh | I24: Passed | J24: 17/04/2026 | K24: Tien | L24: Passed
A25: TC22-STU-U1 | B25: Student asks AI a completely non-medical question (Unhappy) | C25: 1. Open AI Chat box. 2. Enter off-topic prompt (e.g. "Write python code to print hello world"). 3. Click send. | D25: 1. AI recognizes off-topic prompt. 2. Refuses to answer off-topic content. 3. Prompts student to ask questions related to medical cases or bone diseases. | E25: 1. Logged in as Student. | F25: Passed | G25: 17/04/2026 | H25: Thinh | I25: Passed | J25: 17/04/2026 | K25: Tien | L25: Passed
A26: TC22-STU-U2 | B26: Upload unsupported file type to AI chat (Unhappy) | C26: 1. Open AI Chat box. 2. Click "Upload Image". 3. Select a .txt or .docx file. 4. Click upload. | D26: 1. FE blocks upload. 2. Error message displayed: "Only image files (JPG, PNG) can be analyzed by AI". | E26: 1. Logged in as Student. | F26: Passed | G26: 17/04/2026 | H26: Thinh | I26: Passed | J26: 17/04/2026 | K26: Tien | L26: Passed
